id;branch;start_date;end_date
1;whose governor;2024-08-12T01:07:28;2024-08-12T11:32:54
2;loosely;2024-08-12T07:31:40;2024-08-11T23:41:36
3;leak brighten where;2024-08-12T07:32:59;2024-08-11T17:13:03
4;jaggedly fireplace yippee;2024-08-12T05:52:15;2024-08-11T18:36:16
5;specific;2024-08-11T20:07:31;2024-08-12T15:30:14
6;huzzah;2024-08-12T01:16:30;2024-08-11T18:10:05
7;opposite;2024-08-11T18:32:04;2024-08-12T09:40:10
8;throughout oppose whorl;2024-08-11T19:24:15;2024-08-12T14:13:12
9;cringe behind;2024-08-12T08:29:42;2024-08-12T04:15:34
10;until;2024-08-12T11:04:57;2024-08-12T07:20:14
